[{"id":999},{"id":1000},{"id":1001},{"id":1002},{"id":1003},{"id":1004},{"id":1005},{"id":1006},{"id":1007},{"id":1008},{"id":1009},{"id":1010},{"id":1011},{"id":1012},{"id":1013},{"id":1014},{"id":1015},{"id":1016},{"id":1017},{"id":1018},{"id":1019},{"id":1020},{"id":1021},{"id":1022},{"id":1023},{"id":1024},{"id":1025},{"id":1026},{"id":1027},{"id":1028},{"id":1029},{"id":1030},{"id":1031},{"id":1032},{"id":1033},{"id":1034},{"id":1035},{"id":1036},{"id":1037},{"id":1038},{"id":1039},{"id":1040},{"id":1041},{"id":1042},{"id":1043},{"id":1044},{"id":1045},{"id":1046},{"id":1047},{"id":1048},{"id":1049},{"id":1050},{"id":1051},{"id":1052},{"id":1053},{"id":1054},{"id":1055},{"id":1056},{"id":1057},{"id":1058},{"id":1059},{"id":1060},{"id":1061},{"id":1062},{"id":1063},{"id":1064},{"id":1065},{"id":1066},{"id":1067},{"id":1068},{"id":1069},{"id":1070},{"id":1071},{"id":1072},{"id":1073},{"id":1074},{"id":1075},{"id":1076},{"id":1077},{"id":1078},{"id":1079},{"id":1080},{"id":1081},{"id":1082},{"id":1083},{"id":1084},{"id":1085},{"id":1086},{"id":1087},{"id":1088},{"id":1089},{"id":1090},{"id":1091},{"id":1092},{"id":1093},{"id":1094},{"id":1095},{"id":1096},{"id":1097},{"id":1098},{"id":1099},{"id":1100},{"id":1101},{"id":1102},{"id":1103},{"id":1104},{"id":1105},{"id":1106},{"id":1107},{"id":1108},{"id":1109},{"id":1110},{"id":1111},{"id":1112},{"id":1113},{"id":1114},{"id":1115},{"id":1116},{"id":1117},{"id":1118},{"id":1119},{"id":1120},{"id":1121},{"id":1122},{"id":1123},{"id":1124},{"id":1125},{"id":1126},{"id":1127},{"id":1128},{"id":1129},{"id":1130},{"id":1131},{"id":1132},{"id":1133},{"id":1134},{"id":1135},{"id":1136},{"id":1137},{"id":1138},{"id":1139},{"id":1140},{"id":1141},{"id":1142},{"id":1143},{"id":1144},{"id":1145},{"id":1146},{"id":1147},{"id":1148},{"id":1149},{"id":1150},{"id":1151},{"id":1152},{"id":1153},{"id":1154},{"id":1155},{"id":1156},{"id":1157},{"id":1158},{"id":1159},{"id":1160},{"id":1161},{"id":1162},{"id":1163},{"id":1164},{"id":1165},{"id":1166},{"id":1167},{"id":1168},{"id":1169},{"id":1170},{"id":1171},{"id":1172},{"id":1173},{"id":1174},{"id":1175},{"id":1176},{"id":1177},{"id":1178},{"id":1179},{"id":1180},{"id":1181},{"id":1182},{"id":1183},{"id":1184},{"id":1185},{"id":1186},{"id":1187},{"id":1188},{"id":1189},{"id":1190},{"id":1191},{"id":1192},{"id":1193},{"id":1194},{"id":1195},{"id":1196},{"id":1197},{"id":1198},{"id":1199},{"id":1200},{"id":1201},{"id":1202},{"id":1203},{"id":1204},{"id":1205},{"id":1206},{"id":1207},{"id":1208},{"id":1209},{"id":1210},{"id":1211},{"id":1212},{"id":1213},{"id":1214},{"id":1215},{"id":1216},{"id":1217},{"id":1218},{"id":1219},{"id":1220},{"id":1221},{"id":1222},{"id":1223},{"id":1224},{"id":1225},{"id":1226},{"id":1227},{"id":1228},{"id":1229},{"id":1230},{"id":1231},{"id":1232},{"id":1233},{"id":1234},{"id":1235},{"id":1236},{"id":1237},{"id":1238},{"id":1239},{"id":1240},{"id":1241},{"id":1242},{"id":1243},{"id":1244},{"id":1245},{"id":1246},{"id":1247},{"id":1248},{"id":1249},{"id":1250},{"id":1251},{"id":1252},{"id":1253},{"id":1254},{"id":1255},{"id":1256},{"id":1257},{"id":1258},{"id":1259},{"id":1260},{"id":1261},{"id":1262},{"id":1263},{"id":1264},{"id":1265},{"id":1266},{"id":1267},{"id":1268},{"id":1269},{"id":1270},{"id":1271},{"id":1272},{"id":1273},{"id":1274},{"id":1275},{"id":1276},{"id":1277},{"id":1278},{"id":1279},{"id":1280},{"id":1281},{"id":1282},{"id":1283},{"id":1284},{"id":1285},{"id":1286},{"id":1287},{"id":1288},{"id":1289},{"id":1290},{"id":1291},{"id":1292},{"id":1293},{"id":1294},{"id":1295},{"id":1296},{"id":1297},{"id":1298},{"id":1299},{"id":1300},{"id":1301},{"id":1302},{"id":1303},{"id":1304},{"id":1305},{"id":1306},{"id":1307},{"id":1308},{"id":1309},{"id":1310},{"id":1311},{"id":1312},{"id":1313},{"id":1314},{"id":1315},{"id":1316},{"id":1317},{"id":1318},{"id":1319},{"id":1320},{"id":1321},{"id":1322},{"id":1323},{"id":1324},{"id":1325},{"id":1326},{"id":1327},{"id":1328},{"id":1329},{"id":1330},{"id":1331},{"id":1332},{"id":1333},{"id":1334},{"id":1335},{"id":1336},{"id":1337},{"id":1338},{"id":1339},{"id":1340},{"id":1341},{"id":1342},{"id":1343},{"id":1344},{"id":1345},{"id":1346},{"id":1347},{"id":1348},{"id":1349},{"id":1350},{"id":1351},{"id":1352},{"id":1353},{"id":1354},{"id":1355},{"id":1356},{"id":1357},{"id":1358},{"id":1359},{"id":1360},{"id":1361},{"id":1362},{"id":1363},{"id":1364},{"id":1365},{"id":1366},{"id":1367},{"id":1368},{"id":1369},{"id":1370},{"id":1371},{"id":1372},{"id":1373},{"id":1374},{"id":1375},{"id":1376},{"id":1377},{"id":1378},{"id":1379},{"id":1380},{"id":1381},{"id":1382},{"id":1383},{"id":1384},{"id":1385},{"id":1386},{"id":1387},{"id":1388},{"id":1389},{"id":1390},{"id":1391},{"id":1392},{"id":1393},{"id":1394},{"id":1395},{"id":1396},{"id":1397},{"id":1398},{"id":1399},{"id":1400},{"id":1401},{"id":1402},{"id":1403},{"id":1404},{"id":1405},{"id":1406},{"id":1407},{"id":1408},{"id":1409},{"id":1410},{"id":1411},{"id":1412},{"id":1413},{"id":1414},{"id":1415},{"id":1416},{"id":1417},{"id":1418},{"id":1419},{"id":1420},{"id":1421},{"id":1422},{"id":1423},{"id":1424},{"id":1425},{"id":1426},{"id":1427},{"id":1428},{"id":1429},{"id":1430},{"id":1431},{"id":1432},{"id":1433},{"id":1434},{"id":1435},{"id":1436},{"id":1437},{"id":1438},{"id":1439},{"id":1440},{"id":1441},{"id":1442},{"id":1443},{"id":1444},{"id":1445},{"id":1446},{"id":1447},{"id":1448},{"id":1449},{"id":1450},{"id":1451},{"id":1452},{"id":1453},{"id":1454},{"id":1455},{"id":1456},{"id":1457},{"id":1458},{"id":1459},{"id":1460},{"id":1461},{"id":1462},{"id":1463},{"id":1464},{"id":1465},{"id":1466},{"id":1467},{"id":1468},{"id":1469},{"id":1470},{"id":1471},{"id":1472},{"id":1473},{"id":1474},{"id":1475},{"id":1476},{"id":1477},{"id":1478},{"id":1479},{"id":1480},{"id":1481},{"id":1482},{"id":1483},{"id":1484},{"id":1485},{"id":1486},{"id":1487},{"id":1488},{"id":1489},{"id":1490},{"id":1491},{"id":1492},{"id":1493},{"id":1494},{"id":1495},{"id":1496},{"id":1497},{"id":1498},{"id":1499},{"id":1500},{"id":1501},{"id":1502},{"id":1503},{"id":1504},{"id":1505},{"id":1506},{"id":1507},{"id":1508},{"id":1509},{"id":1510},{"id":1511},{"id":1512},{"id":1513},{"id":1514},{"id":1515},{"id":1516},{"id":1517},{"id":1518},{"id":1519},{"id":1520},{"id":1521},{"id":1522},{"id":1523},{"id":1524},{"id":1525},{"id":1526},{"id":1527},{"id":1528},{"id":1529},{"id":1530},{"id":1531},{"id":1532},{"id":1533},{"id":1534},{"id":1535},{"id":1536},{"id":1537},{"id":1538},{"id":1539},{"id":1540},{"id":1541},{"id":1542},{"id":1543},{"id":1544},{"id":1545},{"id":1546},{"id":1547},{"id":1548},{"id":1549},{"id":1550},{"id":1551},{"id":1552},{"id":1553},{"id":1554},{"id":1555},{"id":1556},{"id":1557},{"id":1558},{"id":1559},{"id":1560},{"id":1561},{"id":1562},{"id":1563},{"id":1564},{"id":1565},{"id":1566},{"id":1567},{"id":1568},{"id":1569},{"id":1570},{"id":1571},{"id":1572},{"id":1573},{"id":1574},{"id":1575},{"id":1576},{"id":1577},{"id":1578},{"id":1579},{"id":1580},{"id":1581},{"id":1582},{"id":1583},{"id":1584},{"id":1585},{"id":1586},{"id":1587},{"id":1588},{"id":1589},{"id":1590},{"id":1591},{"id":1592},{"id":1593},{"id":1594},{"id":1595},{"id":1596},{"id":1597},{"id":1598},{"id":1599},{"id":1600},{"id":1601},{"id":1602},{"id":1603},{"id":1604},{"id":1605},{"id":1606},{"id":1607},{"id":1608},{"id":1609},{"id":1610},{"id":1611},{"id":1612},{"id":1613},{"id":1614},{"id":1615},{"id":1616},{"id":1617},{"id":1618},{"id":1619},{"id":1620},{"id":1621},{"id":1622},{"id":1623},{"id":1624},{"id":1625},{"id":1626},{"id":1627},{"id":1628},{"id":1629},{"id":1630},{"id":1631},{"id":1632},{"id":1633},{"id":1634},{"id":1635},{"id":1636},{"id":1637},{"id":1638},{"id":1639},{"id":1640},{"id":1641},{"id":1642},{"id":1643},{"id":1644},{"id":1645},{"id":1646},{"id":1647},{"id":1648},{"id":1649},{"id":1650},{"id":1651},{"id":1652},{"id":1653},{"id":1654},{"id":1655},{"id":1656},{"id":1657},{"id":1658},{"id":1659},{"id":1660},{"id":1661},{"id":1662},{"id":1663},{"id":1664},{"id":1665},{"id":1666},{"id":1667},{"id":1668},{"id":1669},{"id":1670},{"id":1671},{"id":1672},{"id":1673},{"id":1674},{"id":1675},{"id":1676},{"id":1677},{"id":1678},{"id":1679},{"id":1680},{"id":1681},{"id":1682},{"id":1683},{"id":1684},{"id":1685},{"id":1686},{"id":1687},{"id":1688},{"id":1689},{"id":1690},{"id":1691},{"id":1692},{"id":1693},{"id":1694},{"id":1695},{"id":1696},{"id":1697},{"id":1698},{"id":1699},{"id":1700},{"id":1701},{"id":1702},{"id":1703},{"id":1704},{"id":1705},{"id":1706},{"id":1707},{"id":1708},{"id":1709},{"id":1710},{"id":1711},{"id":1712},{"id":1713},{"id":1714},{"id":1715},{"id":1716},{"id":1717},{"id":1718},{"id":1719},{"id":1720},{"id":1721},{"id":1722},{"id":1723},{"id":1724},{"id":1725},{"id":1726},{"id":1727},{"id":1728},{"id":1729},{"id":1730},{"id":1731},{"id":1732},{"id":1733},{"id":1734},{"id":1735},{"id":1736},{"id":1737},{"id":1738},{"id":1739},{"id":1740},{"id":1741},{"id":1742},{"id":1743},{"id":1744},{"id":1745},{"id":1746},{"id":1747},{"id":1748},{"id":1749},{"id":1750},{"id":1751},{"id":1752},{"id":1753},{"id":1754},{"id":1755},{"id":1756},{"id":1757},{"id":1758},{"id":1759},{"id":1760},{"id":1761},{"id":1762},{"id":1763},{"id":1764},{"id":1765},{"id":1766},{"id":1767},{"id":1768},{"id":1769},{"id":1770},{"id":1771},{"id":1772},{"id":1773},{"id":1774},{"id":1775},{"id":1776},{"id":1777},{"id":1778},{"id":1779},{"id":1780},{"id":1781},{"id":1782},{"id":1783},{"id":1784},{"id":1785},{"id":1786},{"id":1787},{"id":1788},{"id":1789},{"id":1790},{"id":1791},{"id":1792},{"id":1793},{"id":1794},{"id":1795},{"id":1796},{"id":1797},{"id":1798},{"id":1799},{"id":1800},{"id":1801},{"id":1802},{"id":1803},{"id":1804},{"id":1805},{"id":1806},{"id":1807},{"id":1808},{"id":1809},{"id":1810},{"id":1811},{"id":1812},{"id":1813},{"id":1814},{"id":1815},{"id":1816},{"id":1817},{"id":1818},{"id":1819},{"id":1820},{"id":1821},{"id":1822},{"id":1823},{"id":1824},{"id":1825},{"id":1826},{"id":1827},{"id":1828},{"id":1829},{"id":1830},{"id":1831},{"id":1832},{"id":1833},{"id":1834},{"id":1835},{"id":1836},{"id":1837},{"id":1838},{"id":1839},{"id":1840},{"id":1841},{"id":1842},{"id":1843},{"id":1844},{"id":1845},{"id":1846},{"id":1847},{"id":1848},{"id":1849},{"id":1850},{"id":1851},{"id":1852},{"id":1853},{"id":1854},{"id":1855},{"id":1856},{"id":1857},{"id":1858},{"id":1859},{"id":1860},{"id":1861},{"id":1862},{"id":1863},{"id":1864},{"id":1865},{"id":1866},{"id":1867},{"id":1868},{"id":1869},{"id":1870},{"id":1871},{"id":1872},{"id":1873},{"id":1874},{"id":1875},{"id":1876},{"id":1877},{"id":1878},{"id":1879},{"id":1880},{"id":1881},{"id":1882},{"id":1883},{"id":1884},{"id":1885},{"id":1886},{"id":1887},{"id":1888},{"id":1889},{"id":1890},{"id":1891},{"id":1892},{"id":1893},{"id":1894},{"id":1895},{"id":1896},{"id":1897},{"id":1898},{"id":1899},{"id":1900},{"id":1901},{"id":1902},{"id":1903},{"id":1904},{"id":1905},{"id":1906},{"id":1907},{"id":1908},{"id":1909},{"id":1910},{"id":1911},{"id":1912},{"id":1913},{"id":1914},{"id":1915},{"id":1916},{"id":1917},{"id":1918},{"id":1919},{"id":1920},{"id":1921},{"id":1922},{"id":1923},{"id":1924},{"id":1925},{"id":1926},{"id":1927},{"id":1928},{"id":1929},{"id":1930},{"id":1931},{"id":1932},{"id":1933},{"id":1934},{"id":1935},{"id":1936},{"id":1937},{"id":1938},{"id":1939},{"id":1940},{"id":1941},{"id":1942},{"id":1943},{"id":1944},{"id":1945},{"id":1946},{"id":1947},{"id":1948},{"id":1949},{"id":1950},{"id":1951},{"id":1952},{"id":1953},{"id":1954},{"id":1955},{"id":1956},{"id":1957},{"id":1958},{"id":1959},{"id":1960},{"id":1961},{"id":1962},{"id":1963},{"id":1964},{"id":1965},{"id":1966},{"id":1967},{"id":1968},{"id":1969},{"id":1970},{"id":1971},{"id":1972},{"id":1973},{"id":1974},{"id":1975},{"id":1976},{"id":1977},{"id":1978},{"id":1979},{"id":1980},{"id":1981},{"id":1982},{"id":1983},{"id":1984},{"id":1985},{"id":1986},{"id":1987},{"id":1988},{"id":1989},{"id":1990},{"id":1991},{"id":1992},{"id":1993},{"id":1994},{"id":1995},{"id":1996},{"id":1997},{"id":1998},{"id":1999}]